{"stats":{"minecraft:custom":{"minecraft:mob_kills":66,"minecraft:interact_with_crafting_table":21,"minecraft:open_barrel":6,"minecraft:interact_with_campfire":4,"minecraft:leave_game":4,"minecraft:time_since_death":6442,"minecraft:climb_one_cm":8959,"minecraft:damage_resisted":4861,"minecraft:sprint_one_cm":844109,"minecraft:walk_one_cm":611232,"minecraft:damage_blocked_by_shield":1605,"minecraft:drop":226,"minecraft:talked_to_villager":1,"minecraft:play_time":308891,"minecraft:deaths":6,"minecraft:sneak_time":3078,"minecraft:walk_under_water_one_cm":35199,"minecraft:jump":4499,"minecraft:interact_with_blast_furnace":1,"minecraft:walk_on_water_one_cm":23269,"minecraft:total_world_time":308891,"minecraft:interact_with_furnace":18,"minecraft:sleep_in_bed":2,"minecraft:time_since_rest":6466,"minecraft:waystone_activated":2,"minecraft:damage_taken":14995,"minecraft:damage_absorbed":12235,"minecraft:damage_dealt":19247,"twilightforest:life_charms_activated":1,"minecraft:swim_one_cm":62771,"minecraft:fly_one_cm":1241134,"minecraft:open_chest":46,"minecraft:crouch_one_cm":9047,"minecraft:fall_one_cm":142455},"minecraft:killed_by":{"minecraft:player":2,"aether:valkyrie":1,"aether:valkyrie_queen":2},"minecraft:crafted":{"minecraft:oak_planks":632,"minecraft:furnace":1,"hearth_and_home:cobblestone_bricks":4,"minecraft:iron_boots":1,"biomesoplenty:dead_planks":312,"minecraft:diamond_sword":1,"minecraft:crafting_table":3,"minecraft:iron_helmet":1,"minecraft:air":0,"minecraft:iron_chestplate":1,"minecraft:diamond_pickaxe":2,"minecraft:shield":2,"quark:oak_chest":2,"minecraft:iron_ingot":38,"minecraft:iron_leggings":1},"minecraft:picked_up":{"minecraft:mud":26,"farmersdelight:cabbage_rolls":3,"minecraft:splash_potion":1,"aether:aether_dirt":18,"backpacked:backpack":1,"minecraft:potion":1,"aether:ambrosium_torch":1,"minecraft:nether_brick":4,"minecraft:shield":1,"farmersdelight:cooked_rice":1,"minecraft:flint_and_steel":1,"alexsmobs:pigshoes":1,"minecraft:string":10,"minecraft:moss_carpet":1,"minecraft:red_nether_bricks":2,"minecraft:item_frame":6,"minecraft:gold_nugget":17,"minecraft:spruce_planks":2,"delightful:acorn":3,"minecraft:beef":8,"farmersdelight:straw":1,"minecraft:spruce_slab":9,"delightful:green_tea_leaf":1,"minecraft:spruce_trapdoor":2,"minecraft:stick":3,"minecraft:raw_iron":3,"minecraft:sandstone":8,"minecraft:torch":2,"minecraft:spruce_stairs":1,"minecraft:spruce_fence":1,"minecraft:fire_charge":2,"minecraft:polished_blackstone_bricks":34,"minecraft:diorite":3,"aether:zanite_pendant":2,"minecraft:dark_oak_planks":4,"aether:aerogel":2,"minecraft:arrow":3,"minecraft:rotten_flesh":12,"minecraft:nether_bricks":34,"minecraft:gold_ingot":24,"supplementaries:ash":1,"deep_aether:sunroot_hanger":3,"minecraft:obsidian":3,"minecraft:snowball":40,"minecraft:cobblestone":104,"minecraft:stripped_oak_log":1,"minecraft:netherite_boots":1,"minecraft:magma_block":26,"minecraft:cooked_beef":18,"farmersdelight:rice":2,"minecraft:andesite":1,"minecraft:leather":6,"biomesoplenty:dead_log":14,"minecraft:filled_map":1,"minecraft:oak_log":62,"minecraft:golden_boots":1,"minecraft:dirt":238,"minecraft:lantern":3,"minecraft:cooked_mutton":4,"minecraft:bone":7,"minecraft:apple":2,"minecraft:stone_bricks":4,"minecraft:wheat_seeds":19,"aether:victory_medal":10,"aether:cold_aercloud":1,"minecraft:mossy_stone_bricks":6,"minecraft:glowstone_dust":10,"twigs:twig":2,"minecraft:oak_planks":35,"minecraft:soul_sand":3,"farmersdelight:horse_feed":2,"minecraft:dark_oak_stairs":14,"minecraft:dark_oak_slab":19,"aether:zanite_pickaxe":1,"quark:shale":1,"minecraft:warped_wart_block":1,"minecraft:gravel":13,"minecraft:sand":5,"biomesoplenty:dead_planks":4,"minecraft:stripped_spruce_log":2,"minecraft:nether_brick_stairs":4,"minecraft:spectral_arrow":16,"quark:oak_chest":1,"minecraft:spider_eye":3,"minecraft:mossy_cobblestone":1,"aether:silver_dungeon_key":1,"minecraft:spruce_fence_gate":1,"minecraft:diamond":4,"minecraft:cracked_polished_blackstone_bricks":23,"minecraft:iron_helmet":1,"minecraft:granite":3,"aether_redux:grand_victory_medal":3,"minecraft:warped_roots":2,"minecraft:oak_sapling":6,"minecraft:netherrack":33,"twilightforest:torchberries":2,"minecraft:coal":20,"minecraft:ender_pearl":1},"minecraft:mined":{"minecraft:dark_oak_planks":4,"minecraft:nether_gold_ore":5,"minecraft:diamond_ore":1,"deep_aether:mini_golden_grass":5,"minecraft:spruce_planks":2,"aether:cold_aercloud":2,"minecraft:mossy_cobblestone":1,"deep_aether:golden_flower":1,"quark:shale":1,"aether:aerogel":2,"minecraft:red_nether_bricks":2,"quark:blue_blossom_leaves":11,"minecraft:obsidian":3,"minecraft:nether_bricks":39,"minecraft:spruce_trapdoor":2,"minecraft:granite":5,"minecraft:grass_block":187,"minecraft:spruce_fence":1,"minecraft:cracked_polished_blackstone_bricks":28,"minecraft:sandstone":10,"minecraft:spawner":1,"minecraft:polished_blackstone_bricks":49,"minecraft:magma_block":27,"deep_aether:short_golden_grass":4,"aether:ambrosium_torch":1,"minecraft:iron_ore":3,"minecraft:snow":138,"minecraft:andesite":1,"minecraft:stripped_spruce_log":2,"minecraft:moss_carpet":1,"minecraft:nether_brick_stairs":9,"minecraft:dark_oak_stairs":14,"amendments:wall_lantern":1,"minecraft:packed_ice":4,"minecraft:stripped_oak_log":2,"minecraft:stone":108,"minecraft:spruce_slab":9,"minecraft:podzol":46,"minecraft:soul_sand":1,"minecraft:blackstone":4,"quark:oak_chest":1,"minecraft:soul_fire":3,"deep_aether:medium_golden_grass":2,"minecraft:powder_snow":44,"minecraft:warped_roots":1,"minecraft:dead_bush":1,"minecraft:tall_grass":21,"minecraft:cobblestone":4,"minecraft:deepslate_coal_ore":6,"deep_aether:sunroot_hanger":1,"minecraft:oak_planks":27,"minecraft:diorite":3,"minecraft:warped_wart_block":1,"minecraft:spruce_stairs":1,"minecraft:warped_nylium":1,"minecraft:dark_oak_slab":19,"minecraft:mud":27,"minecraft:ice":18,"twigs:tangerine_seashell":1,"minecraft:wheat":3,"minecraft:grass":48,"biomesoplenty:dead_log":16,"minecraft:oak_log":69,"minecraft:coal_ore":8,"minecraft:sand":11,"minecraft:dirt":139,"minecraft:cobweb":1,"biomesoplenty:dead_planks":4,"minecraft:spruce_fence_gate":1,"minecraft:stone_bricks":4,"minecraft:netherrack":42,"minecraft:mossy_stone_bricks":6},"minecraft:killed":{"minecraft:zombified_piglin":1,"minecraft:spider":11,"minecraft:skeleton":3,"aether:valkyrie":8,"alexsmobs:bison":1,"betternether:naga":4,"minecraft:piglin":8,"minecraft:zombie_villager":1,"quark:foxhound":2,"twilightforest:skeleton_druid":4,"minecraft:zombie":17,"minecraft:wither_skeleton":3,"minecraft:enderman":1},"minecraft:dropped":{"minecraft:nether_brick_stairs":4,"aether:white_moa_egg":2,"minecraft:iron_ingot":46,"minecraft:iron_sword":2,"minecraft:wheat_seeds":5,"aether:cold_aercloud":2,"minecraft:cooked_beef":14,"minecraft:mossy_cobblestone":1,"aether:blue_moa_egg":6,"aether:golden_pendant":1,"aether:iron_ring":1,"minecraft:iron_helmet":1,"minecraft:crossbow":1,"minecraft:warped_roots":2,"minecraft:cobblestone":36,"minecraft:lantern":1,"minecraft:leather":18,"minecraft:apple":10,"minecraft:golden_apple":3,"aether:victory_medal":3,"minecraft:spruce_fence_gate":1,"aether:enchanted_dart":4,"aether:poison_dart":4,"minecraft:cracked_polished_blackstone_bricks":2,"minecraft:dirt":215,"deep_aether:skyjade":3,"minecraft:diorite":3,"backpacked:backpack":1,"minecraft:snowball":8,"minecraft:iron_leggings":3,"minecraft:gold_nugget":13,"aether:music_disc_aether_tune":1,"minecraft:polished_blackstone_bricks":26,"minecraft:iron_pickaxe":1,"minecraft:string":13,"minecraft:bucket":1,"minecraft:gold_ingot":15,"minecraft:bone":6,"aether:blue_gummy_swet":1,"minecraft:moss_carpet":1,"aether:ambrosium_torch":13,"minecraft:bowl":1,"minecraft:rotten_flesh":9,"aether:enchanted_berry":12,"aether:aechor_petal":3,"minecraft:name_tag":1,"minecraft:nether_bricks":2,"aether:ambrosium_shard":6,"aether:zanite_pendant":4,"minecraft:spruce_fence":1,"minecraft:carrot":17,"minecraft:flint_and_steel":2,"minecraft:filled_map":2,"aether:zanite_pickaxe":2,"minecraft:shield":2,"aether:golden_dart":4,"minecraft:spruce_trapdoor":2,"minecraft:spruce_planks":1,"minecraft:iron_chestplate":3,"minecraft:diamond_pickaxe":2,"aether:zanite_sword":1,"minecraft:mossy_stone_bricks":6,"aether:golden_dart_shooter":1,"deep_aether:golden_flower":5,"aether:music_disc_ascending_dawn":1,"minecraft:spider_eye":2,"minecraft:stone_bricks":4,"minecraft:red_nether_bricks":1,"minecraft:arrow":2,"minecraft:golden_boots":1},"minecraft:broken":{"minecraft:golden_helmet":1,"minecraft:iron_shovel":2,"minecraft:golden_boots":1,"minecraft:iron_chestplate":1,"minecraft:iron_boots":1,"minecraft:iron_leggings":1},"minecraft:used":{"minecraft:iron_shovel":500,"minecraft:shield":22,"minecraft:iron_sword":260,"minecraft:netherrack":27,"minecraft:torch":28,"aether:aerogel":1,"minecraft:dirt":71,"minecraft:nether_bricks":32,"minecraft:carrot":25,"minecraft:granite":3,"minecraft:snowball":32,"minecraft:obsidian":7,"minecraft:lantern":2,"minecraft:iron_axe":225,"aether:zanite_pickaxe":1,"supplementaries:ash":1,"minecraft:furnace":2,"minecraft:cooked_beef":1,"minecraft:enchanted_golden_apple":84,"aether:silver_dungeon_key":1,"minecraft:cooked_mutton":3,"minecraft:water_bucket":3,"minecraft:red_nether_bricks":1,"minecraft:oak_planks":317,"minecraft:ender_pearl":1,"minecraft:polished_blackstone_bricks":8,"minecraft:golden_apple":122,"minecraft:sand":1,"minecraft:crafting_table":3,"biomesoplenty:dead_planks":148,"minecraft:white_bed":3,"minecraft:diamond_pickaxe":310,"minecraft:apple":9,"minecraft:cracked_polished_blackstone_bricks":21,"minecraft:iron_pickaxe":109,"minecraft:gravel":13,"minecraft:diamond_sword":750,"minecraft:cobblestone":15,"minecraft:bucket":3,"quark:oak_chest":3}},"DataVersion":3465}