{"stats":{"minecraft:custom":{"minecraft:interact_with_crafting_table":48,"minecraft:open_barrel":47,"minecraft:leave_game":1,"minecraft:time_since_death":7680,"minecraft:sprint_one_cm":431493,"minecraft:damage_blocked_by_shield":1045,"minecraft:drop":46,"minecraft:play_time":285267,"minecraft:deaths":21,"minecraft:jump":6380,"minecraft:walk_on_water_one_cm":29316,"minecraft:interact_with_furnace":23,"minecraft:sleep_in_bed":4,"minecraft:damage_dealt":8760,"minecraft:player_kills":2,"minecraft:crouch_one_cm":18951,"minecraft:mob_kills":31,"minecraft:climb_one_cm":29333,"minecraft:walk_one_cm":1046005,"minecraft:sneak_time":6030,"minecraft:walk_under_water_one_cm":23675,"minecraft:interact_with_blast_furnace":2,"minecraft:total_world_time":285267,"minecraft:time_since_rest":7709,"minecraft:damage_taken":13026,"minecraft:damage_absorbed":186,"minecraft:swim_one_cm":60784,"minecraft:fly_one_cm":1139751,"minecraft:open_chest":112,"minecraft:fall_one_cm":180095},"minecraft:killed_by":{"minecraft:creeper":3,"aether:valkyrie":3,"minecraft:zombie":1,"minecraft:spider":1,"alexsmobs:bison":1,"minecraft:skeleton":1,"aether:valkyrie_queen":4},"minecraft:crafted":{"minecraft:oak_planks":168,"farmersdelight:cabbage":9,"minecraft:melon_slice":18,"minecraft:iron_boots":1,"farmersdelight:tomato_sauce":1,"minecraft:golden_boots":2,"minecraft:crafting_table":2,"minecraft:spruce_planks":8,"minecraft:wooden_pickaxe":1,"minecraft:iron_helmet":1,"minecraft:oak_wood":3,"minecraft:campfire":1,"farmersdelight:beef_patty":3,"minecraft:iron_chestplate":1,"minecraft:shield":1,"minecraft:stick":16,"minecraft:iron_pickaxe":2,"minecraft:iron_ingot":2,"farmersdelight:cooked_bacon":4,"minecraft:gold_ingot":117,"minecraft:beetroot":18,"minecraft:beetroot_soup":5,"minecraft:golden_carrot":8,"farmersdelight:cooked_rice":1,"minecraft:furnace":2,"minecraft:flint_and_steel":1,"farmersdelight:cabbage_rolls":4,"minecraft:stone_pickaxe":1,"farmersdelight:tomato":9,"farmersdelight:dog_food":1,"backpacked:backpack":2,"minecraft:cooked_beef":9,"minecraft:iron_sword":1,"minecraft:bucket":2,"minecraft:glowstone":23,"minecraft:air":0,"minecraft:gold_nugget":72,"minecraft:golden_apple":4,"minecraft:wooden_axe":1,"minecraft:iron_leggings":1,"minecraft:carrot":9},"minecraft:picked_up":{"minecraft:iron_chestplate":3,"minecraft:wheat":20,"minecraft:potion":3,"minecraft:golden_sword":1,"aether:ambrosium_torch":13,"minecraft:brewing_stand":1,"spawnersplus:spawner_fragment":1,"minecraft:polished_blackstone_brick_stairs":3,"minecraft:string":13,"minecraft:raw_copper":10,"minecraft:cooked_salmon":5,"minecraft:iron_leggings":3,"aether:enchanted_berry":12,"aether:music_disc_ascending_dawn":1,"minecraft:gold_nugget":6,"minecraft:spruce_planks":3,"twigs:pebble":7,"minecraft:iron_pickaxe":1,"minecraft:furnace":3,"farmersdelight:potato_crate":2,"minecraft:stick":2,"aether:music_disc_aether_tune":1,"minecraft:diorite":3,"farmersdelight:chicken_cuts":4,"aether:white_moa_egg":2,"aether:zanite_pendant":2,"farmersdelight:tomato_crate":2,"minecraft:rotten_flesh":9,"aether:golden_pendant":2,"farmersdelight:rope":12,"aether:iron_ring":2,"minecraft:obsidian":9,"minecraft:snowball":77,"farmersdelight:beetroot_crate":4,"minecraft:cobblestone":245,"minecraft:magma_block":5,"minecraft:feather":5,"farmersdelight:onion_crate":4,"minecraft:cooked_beef":10,"farmersdelight:rice":5,"betternether:jungle_moss":1,"minecraft:flint":1,"farmersdelight:carrot_crate":8,"minecraft:lapis_lazuli":32,"minecraft:dirt":33,"minecraft:lantern":2,"minecraft:name_tag":1,"minecraft:bone":4,"delightful:mini_melon":6,"minecraft:wheat_seeds":23,"minecraft:raw_gold":3,"aether:cold_aercloud":87,"minecraft:glowstone_dust":161,"twigs:twig":5,"deep_aether:skyjade":3,"minecraft:oak_planks":21,"farmersdelight:basket":4,"minecraft:chiseled_polished_blackstone":1,"minecraft:warped_wart_block":1,"minecraft:sand":124,"aether:zanite_gemstone":1,"minecraft:nether_brick_stairs":1,"minecraft:mossy_cobblestone":1,"minecraft:diamond":3,"aether:ambrosium_shard":6,"minecraft:cracked_polished_blackstone_bricks":8,"minecraft:crossbow":2,"minecraft:granite":1,"minecraft:golden_apple":3,"farmersdelight:rice_bag":14,"aether_redux:grand_victory_medal":3,"minecraft:oak_sapling":1,"minecraft:netherrack":48,"minecraft:diamond_pickaxe":2,"aether:aechor_petal":3,"minecraft:charcoal":2,"minecraft:crafting_table":3,"minecraft:ladder":7,"aether:aether_dirt":49,"backpacked:backpack":2,"minecraft:gold_block":16,"aether:poison_dart":4,"minecraft:shield":1,"minecraft:flint_and_steel":1,"minecraft:item_frame":3,"twigs:opaline_seashell":2,"minecraft:blackstone":11,"aether:golden_dart_shooter":1,"farmersdelight:straw":1,"minecraft:spruce_slab":2,"aether:quicksoil":1,"minecraft:chest":7,"betternether:netherrack_stalactite":4,"aether:blue_gummy_swet":1,"minecraft:egg":4,"minecraft:raw_iron":2,"minecraft:sandstone":8,"bygonenether:cobbled_blackstone":1,"farmersdelight:cabbage_crate":2,"minecraft:bowl":5,"minecraft:polished_blackstone_bricks":36,"farmersdelight:dog_food":3,"minecraft:carrot":17,"minecraft:weeping_vines":2,"aether:zanite_sword":1,"minecraft:nether_bricks":6,"minecraft:gold_ingot":18,"minecraft:mutton":1,"minecraft:white_wool":1,"farmersdelight:straw_bale":6,"minecraft:golden_carrot":2,"minecraft:leather":21,"betternether:wall_mushroom_brown":1,"minecraft:filled_map":2,"minecraft:oak_log":20,"minecraft:golden_boots":3,"minecraft:apple":16,"farmersdelight:cooking_pot":1,"minecraft:iron_ingot":56,"minecraft:stone_pickaxe":1,"aether:victory_medal":7,"minecraft:iron_sword":1,"minecraft:soul_sand":7,"minecraft:pumpkin":1,"minecraft:sweet_berries":6,"aether:enchanted_dart":8,"minecraft:dandelion":2,"minecraft:gravel":10,"aether:zanite_pickaxe":1,"minecraft:spruce_log":17,"deep_aether:golden_flower":10,"minecraft:iron_helmet":1,"aether:golden_dart":4,"minecraft:coal":27,"minecraft:smooth_quartz_slab":2,"aether:blue_moa_egg":6},"minecraft:mined":{"betternether:nether_sakura_leaves":4,"minecraft:spruce_planks":1,"deep_aether:mini_golden_grass":7,"farmersdelight:rice_bag":7,"aether:cold_aercloud":94,"farmersdelight:tomato_crate":1,"minecraft:brewing_stand":1,"minecraft:obsidian":8,"minecraft:granite":1,"minecraft:chiseled_polished_blackstone":1,"minecraft:grass_block":4,"minecraft:cracked_polished_blackstone_bricks":7,"betternether:jungle_moss":1,"minecraft:polished_blackstone_bricks":5,"betternether:moss_cover":2,"minecraft:magma_block":8,"minecraft:glowstone":83,"minecraft:iron_ore":2,"minecraft:spruce_slab":2,"minecraft:blackstone":1,"farmersdelight:potato_crate":2,"minecraft:powder_snow":49,"farmersdelight:cabbage_crate":3,"minecraft:chest":5,"minecraft:smooth_quartz_slab":2,"minecraft:cobblestone":6,"minecraft:oak_planks":1,"gardens_of_the_dead:soul_spore":1,"deep_aether:golden_heights_grass_block":41,"minecraft:grass":57,"minecraft:oak_log":16,"delightful:mini_melon":6,"minecraft:sand":32,"minecraft:dirt":16,"minecraft:netherrack":46,"minecraft:oak_leaves":1,"minecraft:diamond_ore":3,"farmersdelight:basket":2,"quark:shale":1,"deep_aether:golden_flower":2,"minecraft:ladder":7,"minecraft:nether_bricks":4,"minecraft:sandstone":10,"deep_aether:short_golden_grass":7,"aether:aether_dirt":12,"minecraft:furnace":3,"betternether:wall_mushroom_brown":1,"minecraft:gold_block":16,"minecraft:lantern":1,"minecraft:packed_ice":1,"minecraft:stone":241,"biomesoplenty:brimstone_cluster":1,"aether:quicksoil":1,"twigs:opaline_seashell":1,"farmersdelight:cooking_pot":1,"betternether:netherrack_moss":1,"twigs:pebble":1,"minecraft:soul_sand":10,"deep_aether:medium_golden_grass":4,"minecraft:dandelion":1,"minecraft:crafting_table":2,"farmersdelight:straw_bale":3,"betternether:mushroom_grass":4,"minecraft:campfire":1,"farmersdelight:carrot_crate":5,"farmersdelight:onion_crate":2,"minecraft:copper_ore":5,"minecraft:tall_grass":9,"minecraft:lapis_ore":2,"minecraft:polished_blackstone_brick_stairs":3,"minecraft:diorite":2,"minecraft:warped_wart_block":1,"minecraft:ice":5,"minecraft:spruce_log":23,"minecraft:coal_ore":13,"minecraft:gravel":12,"minecraft:cobweb":4,"minecraft:gold_ore":3,"farmersdelight:beetroot_crate":2},"minecraft:killed":{"betternether:skull":1,"minecraft:spider":2,"minecraft:skeleton":1,"minecraft:chicken":2,"minecraft:piglin":5,"aether:sheepuff":1,"minecraft:zombie":4,"minecraft:stray":1,"minecraft:blaze":1,"aether:mimic":2,"aether:valkyrie_queen":1,"aether:valkyrie":5,"quark:foxhound":1,"minecraft:wither_skeleton":1},"minecraft:dropped":{"minecraft:cooked_beef":8,"minecraft:diamond":3,"farmersdelight:cooked_rice":1,"aether:victory_medal":1,"minecraft:dirt":1,"minecraft:polished_blackstone_brick_stairs":3,"backpacked:backpack":2,"minecraft:snowball":32,"spawnersplus:spawner_fragment":4,"minecraft:gold_ingot":37,"minecraft:chiseled_polished_blackstone":1,"minecraft:lingering_potion":1,"minecraft:golden_boots":3,"minecraft:wheat_seeds":13,"deep_aether:purple_squash_slice":3,"aether:golden_pendant":1,"bygonenether:cobbled_blackstone":1,"farmersdelight:cabbage_rolls":3,"minecraft:diorite":3,"minecraft:golden_carrot":2,"minecraft:potion":1,"minecraft:smooth_quartz_slab":2,"minecraft:pumpkin":1,"minecraft:dandelion":2,"minecraft:sweet_berries":6,"farmersdelight:straw":1,"aether:aether_dirt":18,"minecraft:nether_bricks":2,"minecraft:filled_map":1,"minecraft:spruce_planks":1},"minecraft:broken":{"minecraft:shield":1,"minecraft:iron_pickaxe":1},"minecraft:used":{"minecraft:beetroot":3,"aether:ambrosium_torch":1,"aether:pillar_top":4,"farmersdelight:cabbage_rolls":1,"aether:zanite_sword":109,"minecraft:ladder":5,"minecraft:chest":5,"minecraft:shield":19,"minecraft:iron_sword":81,"aether:enchanted_berry":9,"minecraft:soul_sand":5,"minecraft:mutton":1,"minecraft:nether_bricks":4,"minecraft:carrot":39,"minecraft:obsidian":7,"minecraft:lava_bucket":21,"farmersdelight:tomato":1,"farmersdelight:tomato_sauce":1,"minecraft:furnace":4,"farmersdelight:dog_food":1,"minecraft:stone_pickaxe":59,"minecraft:oak_planks":54,"minecraft:blackstone":11,"minecraft:wooden_pickaxe":44,"minecraft:sandstone":8,"minecraft:white_wool":1,"minecraft:golden_apple":7,"minecraft:sand":26,"minecraft:melon_slice":18,"farmersdelight:ham":1,"minecraft:gravel":9,"minecraft:flint_and_steel":4,"aether:cold_aercloud":69,"aether:aether_dirt":31,"aether:healing_stone":5,"minecraft:cooked_salmon":5,"minecraft:netherrack":48,"farmersdelight:carrot_crate":2,"farmersdelight:beef_patty":3,"minecraft:wooden_axe":49,"minecraft:glowstone":23,"minecraft:golden_carrot":1,"farmersdelight:cooking_pot":1,"minecraft:cooked_beef":11,"minecraft:beetroot_soup":1,"farmersdelight:iron_knife":87,"minecraft:water_bucket":5,"minecraft:polished_blackstone_bricks":36,"minecraft:crafting_table":3,"aether:pillar":2,"minecraft:campfire":1,"minecraft:spruce_log":2,"farmersdelight:minced_beef":2,"minecraft:diamond_pickaxe":18,"minecraft:apple":8,"minecraft:cracked_polished_blackstone_bricks":8,"minecraft:iron_pickaxe":477,"minecraft:suspicious_stew":2,"farmersdelight:cooked_bacon":4,"minecraft:cobblestone":94,"minecraft:potion":1,"minecraft:bucket":27,"twigs:pebble":1}},"DataVersion":3465}