{"stats":{"minecraft:custom":{"minecraft:jump":85,"minecraft:open_chest":5,"minecraft:time_since_rest":8973,"minecraft:damage_dealt":147,"minecraft:leave_game":1,"minecraft:sprint_one_cm":22912,"minecraft:play_time":8973,"minecraft:walk_on_water_one_cm":187,"minecraft:time_since_death":8973,"minecraft:walk_one_cm":10176,"minecraft:total_world_time":8973,"minecraft:walk_under_water_one_cm":93,"minecraft:swim_one_cm":2134,"minecraft:talked_to_villager":1,"minecraft:fly_one_cm":147096}},"DataVersion":3465}