{"stats":{"minecraft:custom":{"minecraft:jump":13,"minecraft:time_since_rest":7313,"minecraft:waystone_activated":1,"minecraft:leave_game":1,"minecraft:sprint_one_cm":4112,"minecraft:play_time":7313,"minecraft:walk_on_water_one_cm":105,"minecraft:time_since_death":7313,"minecraft:walk_one_cm":8138,"minecraft:sneak_time":3,"minecraft:total_world_time":7313,"minecraft:fly_one_cm":9906},"minecraft:used":{"minecraft:oak_sign":1,"waystones:waystone":1},"minecraft:picked_up":{"minecraft:oak_sapling":2}},"DataVersion":3465}